method,total_selected,mean_match_score,mean_coverage,mean_cov_per_min,mean_review_min,novelty_ratio,underfilled_jobs
MILP (best),450,0.7396765982046397,0.9577777777777778,0.015795651828288817,61.424055555555555,0.6066666666666667,0
Greedy,370,0.753771874657106,0.9144444444444444,0.015315778504934726,61.20297444444445,0.6189189189189189,55
ScoreOnly,450,0.7943455051813857,0.9327777777777778,0.010121763264941337,100.21378555555556,0.39555555555555555,0
