mean_score,mean_coverage,mean_cov_per_min,mean_review_min,novelty,underfilled,total_selected,max_exposure,obj_val,solve_time
0.6874213528432915,0.9555555555555556,0.015356447882190727,62.35069999999999,1.0,0,450,1,391.40448877948126,27.512073899968527
0.739259489061331,0.9577777777777778,0.01572137367789383,61.44726000000001,0.6088888888888889,0,450,2,414.97021007759895,5.334420300030615
0.7514111337142152,0.9577777777777778,0.016000715771172718,60.80809,0.5,0,450,3,420.438450171397,2.8061809000209905
0.7559443811788824,0.9577777777777778,0.016087677195658366,60.48900333333333,0.45111111111111113,0,450,4,422.4784115304971,2.567736299999524
0.7578894096081916,0.9577777777777778,0.015817382423341693,61.08421777777779,0.43777777777777777,0,450,5,423.35367432368633,3.022302600031253
