mean_score,mean_coverage,mean_cov_per_min,mean_review_min,novelty,underfilled,total_selected,k,obj_val,solve_time
0.7933392620085222,0.9577777777777778,0.021084922169553877,50.332152222222206,0.6592592592592592,0,270,3,296.5050407423011,2.203698600002099
0.7687011496921872,0.9577777777777778,0.01714181140466837,58.45536888888888,0.6305555555555555,0,360,4,359.0358538891875,2.8853235999995377
0.7392037183069452,0.9577777777777778,0.015847175986019424,61.23642666666667,0.6022222222222222,0,450,5,414.94511323812543,7.587114400012069
0.707247929442742,0.9577777777777778,0.01511448929012572,63.29727777777778,0.5740740740740741,0,540,6,464.2173218990806,7.735953799987328
0.6692092647673645,0.9577777777777778,0.014978109004494424,63.958936666666666,0.5476190476190477,0,630,7,503.9052768034396,21.568092900008196
0.6302446678604579,0.951111111111111,0.01475424334854322,64.4696388888889,0.5106382978723404,9,705,8,520.0657870058601,181.77724630000012
